Column1;id_str;text;screen_name;search_term;search_term_group;source;ibm_watson_sentiment;sentiment_revised;sentiment
5440;1,45102E+18;Pq tem gente falando quem casou e quem n√£o casou, sendo que no ultimo epis√≥dio o cabe√ßa de nois todos estavam visitando‚Ä¶ https://t.co/q4RDVRqU1G;kaiquevlima;netflix;netflix;Twitter for Android;-6,83367E+15;0;-1
3162;1,45083E+18;Vou ter q assinar o globoplay s√≥ pra assistir verdades secretas af;Gois99Leticia;globoplay;globoplay;Twitter for iPhone;-8,91873E+15;-1;-1
2602;1,45101E+18;PAREM DE ASSISTIR VERDADES SECRETAS O GLOBOPLAY √â PIXUL√â E TA CAINDOOOOOOO;w_petun;globoplay;globoplay;Twitter for iPhone;-9,24123E+15;-1;-1
5341;1,45116E+18;enfim vendo death note antes de tirarem da netflix depois da mat√©ria que rolou kkkkkk;arigoncalvex;netflix;netflix;Twitter Web App;-6,52531E+15;-1;-1
7659;1,44949E+18;@nanacaligari @Netflix_Sandman @e3echo @lovegwendoline @neilhimself Cali me mandou e eu N√ÉO ESTOU NENHUM POUCO BEM;n_ins;netflix;netflix;Twitter for iPhone;-728079;-1;-1
5776;1,45087E+18;resmunguei horrores qd anunciaram rebelde da netflix, qd saiu o trailer assist mil vezes pq eu gostei e agr saiu a‚Ä¶ https://t.co/Q5rZI7u8O5;_alinii;netflix;netflix;Twitter for iPhone ;-760904;-1;-1
2328;1,45126E+18;Hahahahah... Acabei de maratonar #VerdadeSecretas2 todos os cap√≠tulos dispon√≠veis na @globoplay , pq sou desses...‚Ä¶ https://t.co/sNvRCVmrbO;Renatak_Soares;globoplay;globoplay;Twitter for Andr√≥ide;8417;1;1
4884;1,45152E+18;"√© muito bonitinho quando a minha av√≥ faz isso
outro dia n√≥s colocamos netflix na tv ai ela anotou o passo a passo n‚Ä¶ https://t.co/W5HABPfCDQ";WhySoYoo;netflix;netflix;Twitter for Android;8,93771E+15;1;1
2703;1,451E+18;Eu acho que a cada bloco de 10 cap√≠tulos liberados o @globoplay tem que fazer uma live com o primeiro p√©s gente bunda‚Ä¶ https://t.co/5EfgBaB2qi;BrunoSilvano;globoplay;globoplay;Twitter for iPhone;591225;-1;1
2987;1,45096E+18;Assistir Verdades Secretas 2 - Segunda Temporada Todos Os Epis√≥dios Online #VerdadesSecretas2 #Globoplay‚Ä¶ https://t.co/F5KzBjnpLM;NitroNewsBrasil;globoplay;globoplay;Twitter Web App;810308;0;1
1356;1,45015E+18;@ferd_trindade @Dc_da_depressao Realmente ia diminuir um pouco a bilheteria de The Batman. Mas o Hype pra esse filme‚Ä¶ https://t.co/W5G5qTpXrt;Guilher35241591;disney+;disney+;Twitter para Android;-683012;-1;-1
4513;1,45195E+18;"Agora o programa Tratamento de Choque est√° na Netflix. Eu adoro assistir isso no A&E";millagrandinox;netflix;netflix;Twitter for Android;815457;1;1
7247;1,44986E+18;Muuuuito legal #BloodandWaterS2 na #netflix https://t.co/fFJ5rU551s;rorichter;netflix;netflix;Twitter for iPhone;9,62546E+15;1;1
5459;1,45101E+18;"QUEM FEZ O JOSUKE NA PARTE 4???

FOI O YURI??? EU DESINSTALEI MINHA NETFLIX NO CELULAR";FoxyRArts;netflix;netflix;Twitter for Android;-811224;-1;-1
3582;1,45028E+18;@HBOMaxSuporte boa noite, por favor pode me ajudar? Eu tenho/tinha a assinatura do HBO Max na promo√ß√£o de 50% de de‚Ä¶ https://t.co/E5oP2k8nYP;brcamposarq;hbo max;hbomax;Twitter Web App;-526948;-1;-1
5064;1,45132E+18;@chaseslau terceiro ano que lan√ßam continua√ß√£o desse filme daqui a vanessa ultrapassa a marca de hsm e fica marcada‚Ä¶ https://t.co/UBTenSkTnx;itsfiorini;netflix;netflix;Twitter for iPhone;803237 ;-1;1
1400;1,45012E+18;POXA, DISNEY https://t.co/azr6EHTZXH;RenatoCordoni;disney+;disney+;Twitter Web App;-8,25861E+15;-1;-1
3916;1,45051E+18;ucl √© na hbomax ou no star+ ? nao me lembro üôÑüôÑ;FgaSpfc;hbomax;hbomax;Twitter Web App;-698258;0;-1
7226;1,44987E+18;Ooh Netflix, Maid √© muito muito boa!! T√£o real!!;gabii_furtado;netflix;netflix;Twitter para iPhone;993324;1;1
4673;1,4517E+18;minha vida parece um filme (ruim) da Netflix;gabezzoca;netflix;netflix;Twitter for Android;-8,9653E+15;-1;-1
4634;1,45173E+18;Sextou com Netflix e meu doguinho. üòçüòç;RenataRosaB;netflix;netflix;Twitter para Android;985066;1;1
2445;1,45115E+18;@cleytu @globoplay Eu tb üòÇüòÇüòÇ;CeciliadeCassi6;globoplay;globoplay;Twitter para iPhone;574633;0;1
4384;1,45208E+18;Algu√©m j√° viu #Insiders na Netflix?? To gostando, mas me achando burra porque ainda n√£o entendi se √© um reality sho‚Ä¶
2014;1,45191E+18;eu queria que a Agatha Moreira me desse um soco https://t.co/z0MDaooBZy;maycriada;globoplay;globoplay;Twitter Web App;-571146;-1;-1
6224;1,45058E+18;algu√©m topa assistir cada um cmg e ir avaliando? festa netflix vamos a√≠ https://t.co/tULj9GRqKR;toocloseforbruh;netflix;netflix;Twitter for iPhone;681826;0;1
5909;1,45083E+18;nossa t√¥ assistindo o pior filme da netflix;tajara_;netflix;netflix;Twitter for iPhone;-9,36561E+15;-1;-1
385;1,45169E+18;@https_xovanna @ttdastephany_ @jaoromania KKKKKKK t√£o achando que t√£o na disney essas safadas, sou mais falida que voc√™s;anminyard;disney+;disney+;Twitter for Android;-757246;-1;-1
7044;1,44995E+18;netflix libera logo os ep de casamento √†s cegasssss pelamor;maa_campregher;netflix;netflix;Twitter for iPhone;-7,19559E+15;-1;-1
7616;1,44952E+18;@stesantos07 Com certeza √©, mas mo solid√£o kkkkk netflix √© minha companhia;LeonardoOlivxr;netflix;netflix;Twitter for iPhone;-707868;-1;-1
1861;1,45225E+18;"@PaulinhaBraun @globoplay @brumelianebrum Lindas!
Paix√£o imediata.";regina_ferro;globoplay;globoplay;Twitter para Android;981469;1;1
7180;1,44989E+18;"nao

pr√≥ximo

https://t.co/o64Jb9xkSj";lucaslte;netflix;netflix;Twitter Web App;-8,40803E+15;-1;-1
1157;1,45044E+18;acordei, mas queria ter continuado dormindo pq tava sonhando q tava com o @Lucaszera00 na disney ü•≤;oifrancine;disney+;disney+;Twitter for iPhone;-6,81209E+15;1;-1
7078;1,44993E+18;Devo assistir s√©rie de terror na Netflix e ficar morrendo de medo por 3 anos? s ou n;ruaruacosta;netflix;netflix;Twitter para Android;-946305;-1;-1
294;1,45209E+18;@xHopetrix Mas qual o argumento que eles utilizaram para chegar a essa conclus√£o? Sei que a Disney nunca vai se pron‚Ä¶ https://t.co/pb376Brqrf;beta_fisk;disney+;disney+;Twitter Web App;-647728;-1;-1
4171;1,45234E+18;Aconteceu o que eu nunca achei que aconteceu: meus pais trocando a TV aberta num domingo por reality na Netflix.‚Ä¶ https://t.co/X7x0naR46m;hgrcrd;netflix;netflix;Twitter Web App ;-8,71488E+15;-1;-1
5930;1,45082E+18;"Pra quem quiser fazer uma mini maratona dos longos da Chlo√© Zhao antes de Eternos:

- M√∫sicas que meus irm√£os me ensinaram:‚Ä¶ https://t.co/KtGFdCeqCU";tiagocinefilo;netflix;netflix;Twitter para Android;738857;1;1
2563;1,45102E+18;"Ele j√° t√° com ci√∫mes, ele
#VerdadeSecretas2 https://t.co/2QEaP1elrb";news_globoplay;globoplay;globoplay;Twitter para Android;-799289;0;-1
5320;1,45119E+18;Na @folha desta quinta-feira: Quest√£o de gosto: O sucesso de 'Round 6', a pol√™mica de 'Encerramento' e o lucro da N‚Ä¶ https://t.co/J65ztS8fM7;mauriciostycer ;netflix;netflix;Twitter Web App;544272;1;1
1061;1,45058E+18;"@imarcellysouza Tem um aplicativo de gra√ßa na play store que o nome dele √© ""cine vision"" l√° tem todos os filmes ea‚Ä¶ https://t.co/2EUYjHqC7T";JosRodr73602293; disney+;disney+;Twitter para Android;648746;1;1
578;1,45134E+18;Sabe pq eu vou cancelar o Disney plus esse m√™s? Pq o cinema voltou. E n√£o, n√£o me sinto seguro pra ir ao cinema ain‚Ä¶ https://t.co/5teKhZpprW;BlackerLotusMTG;disney+;disney+;Twitter for Android;-9329;-1;-1
4069;1,44944E+18;"Para alegria dos f√£s, a terceira temporada de Justi√ßa jovem j√° est√° dispon√≠vel no HBO Max.

#geekrock #geek‚Ä¶ https://t.co/IxKIxc4ilP";geekrockoficial;hbomax;hbomax;mLabs - Gest√£o de Redes Sociais;923275;1;1
6730;1,45022E+18;"INSANO! Suspense C√¥mico com humor √°cido est√° fazendo o maior SUCESSO na Netflix; Confira as rea√ß√µes! -‚Ä¶ https://t.co/FiLhS4J5z2";cinepop;netflix;netflix;cinepop;781179 ;1;1
4858;1,45155E+18;@pzgttr obg mor vou fazer rod√≠zio de netflix;sotbutch;netflix;netflix;Twitter for Android;979535;1;1
5777;1,45087E+18;YOU √© a melhor s√©rie da Netflix;_santidadi;netflix;netflix;Twitter for iPhone;888581;1;1
6243;1,45057E+18;A Netflix registrou lucro l√≠quido de US$ 1,449 bilh√£o no terceiro trimestre de 2021, uma alta de 83,4% na compara√ß√£o‚Ä¶ https://t.co/kc4dMFoxPD;bmcnewstv;netflix;netflix; Aplicativo da Web do Twitter;6,3101E+15;1;1
4222;1,45237E+18;Segundo site, a Netflix pagou R$ 110 milh√µes para adquirir Round 6, o maior sucesso do streaming at√© a atualidade.‚Ä¶ https://t.co/X0kPhb3axS;rollingstoneBR;netflix;netflix;Twitter Aplicativo da Web;8,50898E+15;1;1
359;1,45187E+18;O pinto suicida foi um dos melhores v√≠deos da minha quarentena obg Disney+ https://t.co/Ugybqzj4yL https://t.co/zjNV70rvta;quasesnoopy;disney+;disney+;Twitter for Android; 658904;1;1
4293;1,45226E+18;"‚ÄúDepartamento de Conspira√ß√µes‚Äù:

Estreia na Netflix mais uma anima√ß√£o besteirol que vale a maratona. Do mesmo cria‚Ä¶ https://t.co/MRBGw4KvLB";HQzonna;netflix;netflix;Twitter for iPhone;769161;1;1
160;1,45234E+18;Mc Disney √© o novo Coach Fazenda, cala a boca menino, morre de medo de ir pra ro√ßa, eu hein vai lavar a casinha do cachorro #Fazenda13;jey_loow;disney+;disney+;Twitter for Android; -9,59819E+15;-1;-1
5650;1,45092E+18;Achei legal o filme As Passageiras #NightTeeth ü§ò da #Netflix https://t.co/XLaoAiHiH9;AergesMonstrum;netflix;netflix;Twitter Web App;7,12301E+15;1;1
589;1,45132E+18;@Eulavomeucarv Ser√° que n√£o √© por culpa do cara que mexe com a economia do pa√≠s e que falou que era inadmiss√≠vel fi‚Ä¶ https://t.co/Vm1gR8PJst;mandararj70;disney+;disney+;Twitter para Android;-8,68737E+15;-1;-1
1291;1,45021E+18;"Disney altera dados de lan√ßamento de filmes da Marvel --> https://t.co/HNXg1GRNC6 https://t.co/wE5bofIlLx";sitevirgula;disney+;disney+;mLabs - Gest√£o de Redes Sociais;52835;-1;1
1049;1,45059E+18;O streaming da Disney parece uma v√≠deo locadora e caro üëéüèΩ;abnneralexandre;disney+;disney+;Twitter for Android;-8,97519E+15;-1;-1
1655;1,44944E+18;"a mesma coisa de quem fala: ai, pq a Disney parou de produzir anima√ß√µes infantis...

GENTE? como se crian√ßa fosse i‚Ä¶ https://t.co/X1yPEoJdIQ";heygabreel;disney+;disney+;Twitter para Android;-727676;-1;-1
5733;1,45089E+18;"sobre relacionamentos

1. N√£o (O certo seria talvez, mas sem ter ctz √© melhor n√£o)
2. 3 vezes
3. PONTOS
4. Vamos dar‚Ä¶ https://t.co/SFVkDCWx6C";Audrorius;netflix;netflix;Twitter Web App;709993;-1;1
7709;1,44946E+18;N√£o acredito que mataram o Dan, que merda em Netflix #LuciferNetflix;gabslxx;netflix;netflix;Twitter for iPhone;-985499;-1;-1
3011;1,45096E+18;Acabei de assinar o globoplay para ver Orgias Secretas, que sabor viu;Fellipou;globoplay;globoplay;Twitter for Android;-531917;1;-1
4028;1,44946E+18;"@HBOMax renova #Tit√£s para a sua quarta temporada> https://t.co/2mRwPeLCaZ https://t.co/0FllfajdSm";TorreVigilancia;hbomax;hbomax;Twitter Web App; 7,83823E+15;1;1
756;1,45101E+18;@josezao04 @FortalezaEC O Fortaleza est√° na Disney enquanto o Atl√©tico est√° botando no nosso cu com √≥dio;cabecao_16;disney+;disney+;Twitter for Android;-937684;-1;-1
2288;1,4513E+18;@lacerda @globoplay arrebento com um homi desse, Jesus amado https://t.co/aAT0As26ji;nazavermelha;globoplay;globoplay;Twitter for Android;77913;-1;1
464;1,45162E+18;"Foi-se um teto. Vem copiado. Agora nem empregada e nem a classe m√©dia vai para a Disney. ;-922528;-1;-1
3220;1,45244E+18;"@neyllorpaiva Ahh :(
S√≥ em √©poca de BBB eu assino globoplay uabsuahsia.";ahquemdiga;globoplay;globoplay;Twitter for Android;-689876;-1;-1
4396;1,45207E+18;@cielofavs nossa amo cinema e netflix n√£o sei decidir FELIZ DIA DA SERQUEL;mondlermills;netflix;netflix;Twitter for iPhone;969342;-1;1
942;1,45066E+18;@philosopop queria qo araujo puxasse o disney da baia. Ja pensou?;GlauAbdo;disney+;disney+;Twitter para iPhone;-778457;0;-1
6898;1,45013E+18;"""Maid"", na Netflix: se voc√™ ainda n√£o conhece Margaret Qualley, guarde e... https://t.co/65LS9CcLde via @YouTube";AMSBorges;netflix;netflix ;Twitter para iPhone;774403;0;1
745;1,45103E+18;Pr√≥xima ro√ßa eu acho que o Bil ponhe o MC Disney na ro√ßa üëèüèº #AFazenda;QgBileide;disney+;disney+;Twitter for Android;-598604;0;-1
1600;1,44955E+18;"@rezerofagg @Chizurufag @Gui_Yuuki Acho q j√° tinha falado e eu to na disney

Nessa parte ela j√° √© ruim, mas ainda piora ü•∂";luiiss7am;disney+;disney+;Twitter for Android;-9,74731E+15;-1;-1
4976;1,45136E+18;üí£ Pol√™mica na Netflix: Funcion√°rios protestam contra produ√ß√£o transf√≥bica e comediante debocha de manifestantes.‚Ä¶ https://t.co/mADIMNqBlR;MetroJornal;netflix;netflix;TweetDeck;-796804;-1;- 1
3140;1,45085E+18;Vou trocar a senha do meu globoplay hoje! N√£o quero ter dificuldades pra assistir verdades secretas;monickykaneda;globoplay;globoplay;Twitter for iPhone;-8,28321E+15;-1;-1
4039;1,44956E+18;@juliolguedes No caso dessa cr√≠tica fandom da hbomax hahahaha...ser f√£ de alguma coisa √© tenso, mas de empresa, plmds;MellamoSully;hbomax;hbomax;Twitter for Android;-711488;-1 ;-1
6155;1,45062E+18;Fazia muito tempo que uma s√©rie (YOU, da netflix) n√£o me dava tanto gatilho, pegava em tanto ponto dolorido meu, co‚Ä¶ https://t.co/sU8eDW4FsR;Tony_Stonem;netflix;netflix ;Twitter para iPhone;-912523;1;-1
2687;1,451E+18;@RomuloEstrela @globoplay Vamo dan√ßar;dodogsssss;globoplay;globoplay;Twitter para Android;8,64435E+15;0;1
6402;1,45049E+18;@SerieManiacos La vem Netflix com essa frescura de parte, acho que sou o √∫nico que consegue aguentar at√© a segunda‚Ä¶ https://t.co/RXa6pOqDvr;leomar_omena;netflix;netflix;Twitter for Android ;-609453;-1;-1
4604;1,45175E+18;Ja pode lan√ßar a 3 temp de lockr e key @netflix, tenho tempo pra esperar n fia;ericktelli;netflix;netflix;Twitter for Android;-603301;1;-1
7055;1,44994E+18;@Tatatrt @MauMeirelles N√£o √© poss√≠vel tem algu√©m filmando esse rol√™ pra vender pro Netflix;ortopedoc;netflix;netflix;Twitter for iPhone;-610452;-1;-1
3666;1,44989E+18;@FiorottoBeatriz Espero q eles joguem na HBO MAX na hora‚Ä¶n√£o seja igual o HBO GO q caia na hora do GoT;OgaMendonca;hbo max;hbomax;Twitter for iPad;-659021;-1; -1
3892;1,45167E+18;"@Tonzinho_Hehe @Kyumers o da Stargirl eu vi uns uniformes e achei feio demais kkk' mas se for igualmente ""tosco"" eu‚Ä¶ https://t.co/Q4JbaEAUub";thedanvelez; hbomax;hbomax;Twitter Web App;-5,22905E+15;-1;-1
6192;1,4506E+18;YouTube: A Batalha Esquecida ‚Äì Cr√≠tica do filme da Netflix‚Ä¶ https://t.co/FyvT0p7wEl https://t.co/4KUTunQLO9;fps5000;netflix;netflix;WordPress.com;618046 ;0;1
4491;1,45197E+18;Reassistindo Cowboy Bebop agr que ta na netflix, que anime bom caras slc;l_nittaa;netflix;netflix;Twitter for Android;716325;1;1
5384;1,45108E+18;comecei essa s√©rie meu nome da netflix;skyebennets;netflix;netflix;Twitter for iPhone;-5,62456E+15;0;-1
4483;1,45198E+18;a Gossip t√° narrando uma s√©rie da netflix, to amando ü§£ü§£;ViStefany2;netflix;netflix;Twitter for iPhone;967563;1;1
7485;1,44961E+18;@NetflixBrasil Eu preciso da m√°scara e o uniforme do tri√¢ngulo ou do quadrado, nunca te pedi nada, viu Netflix, E v‚Ä¶ https://t.co/Qg8CkXvct1;joao_naletto;netflix;netflix;Twitter para Android;-68297;1;-1
6074;1,45065E+18;Falou muito e disse nada. Refor√ßou o compromisso com a comunidade LGBTQ+, a diversidade que a Netflix estimula e co‚Ä¶ https://t.co/Osj7OyEogN;df_porto;netflix;netflix;Twitter for Android;8,75581E+15;-1;1
2204;1,45135E+18;@globoplay quando vcs v√£o colocar Ciranda de Pedra e Sinh√° Mo√ßa na plataforma? Acordem plmdds;deodoraniemann;globoplay;globoplay;Twitter para Android;-8,39897E+15;-1;-1
4466;1,45201E+18;@FlavioWizard @pedropoeira Eu queria rever, mas tiraram da Netflix;Likahmoto;netflix;netflix;Twitter for Android;-735582;-1;-1
4097;1,44933E+18;@hbomaxbr_portal bom dia, portal vc sabe de dizer se na hora do DcfanDone. A HBOMAX vai criar alguma tela com a tra‚Ä¶ https://t.co/0vRywgfAG6;2TrYpA9;hbomax;hbomax;Twitter for Android;875883;0;1
7744;1,44944E+18;eu n√£o t√¥ acreditando que bem esperto terminou daquele jeito PELO AMOR DE DEUS NETFLIX SE VC CANCELAR EU TE MATO;laraayurii;netflix;netflix;Twitter for Android;-685005;-1;-1
3798;1,44942E+18;@JonatasXB117 @Lancaster1222 Pior que a HBO Max tem o melhor cat√°logo, ao lado do PrimeVideo e Telecine. Bem que po‚Ä¶ https://t.co/1Acw14GoyZ;FiguraCrazy;hbo max;hbomax;Twitter for Android;839534;1;1
5616;1,45094E+18;Casa toda pra mim, um monte de comida e Netflix, eu n√£o quero mas nada! ü•∞ü•∞ü•∞;Leny_sousa1;netflix;netflix;Twitter para iPhone;-874134;1;-1
3611;1,45017E+18;Cancelei todos os servi√ßos de Streaming. Deixei apenas HBO Max e Prime Video pq √© baratinho.;_zorato;hbo max;hbomax;Twitter Web App;-9,14915E+15;-1;-1
1409;1,45012E+18;E l√° vamos n√≥s pra Disney mudando o calend√°rio de novo https://t.co/OBGvWz67kq;sr_artie;disney+;disney+;Twitter Web App;657782;-1;1
2308;1,45128E+18;@renereserv_ @mathbeniciio @globoplay @Paco @DodiGentil_ No caso a sua travou ontem ou vc n√£o assitiu?;chillsecrets;globoplay;globoplay;Twitter for Android;-768095;-1;-1
6532;1,45043E+18;@enzo_aleatorios @_oyuura @MoriaVelis N√£o v√£o... Enquanto existir algum programa ou filme da Record na Netflix eles‚Ä¶ https://t.co/mqGYxPCYSI;felipeandradert;netflix;netflix;Twitter for Android ;-767708;-1;-1
658;1,45123E+18;#F90BR Que programa ruim‚Ä¶. Quando a Disney tomou conta acabou com tudo e vai acabar com Star Wars tamb√©m..;cavieira1964;disney+;disney+;Twitter for iPhone;-965612;-1;-1
6424;1,45047E+18;Gente e essa apresenta√ß√£o incr√≠vel de Cowboy Bebop que a Netflix liberou para todo o mundo? Chega deu aquela animada‚Ä¶ https://t.co/os6WEZhHZi;canaltech;netflix;netflix;Twitter Web App;9,95097E+15;1;1
6021;1,45067E+18;Finalmente iniciando e j√° adorando SEX EDUCATION - season 3 #Netflix;osiris_br;netflix;netflix;Twitter for iPhone;9,82596E+15;1;1
2065;1,45171E+18;"FEN√îMENO - #VerdadesSecretas2

#VS2 fechado as suas primeiras 24h com 1.988.342 horas de consumo. √â a melhor estr√©ia‚Ä¶ https://t.co/n8uHqmTAfr";news_globoplay;globoplay;globoplay;Twitter for Android;789146;1;1
2603;1,45101E+18;@RomuloEstrela @globoplay R√¥mulo beb√™, casa comigo. https://t.co/otocWYvXDW;dyegomariz;globoplay;globoplay;Twitter para Android;503679;1;1
757;1,45101E+18;Essa chamada da NBA com o @romulomendonca, que t√° sensacional, me faz acreditar que perdemos um guerreiro da MLB para as‚Ä¶ https://t.co/QMAERxK3vT;matanaka;disney+;disney+;Twitter para iPhone;799795;1;1
6911;1,45012E+18;Epis√≥dio da semana do @PocsNews sobre o document√°rio da Netflix Pray Away üëáüèΩ https://t.co/69dd77EM4q;atilacarmo;netflix;netflix;Twitter for iPhone;-7,62974E+15; 0;-1
5688;1,4509E+18;Sr @NetflixBrasil poderia liberar os relacionamentos que voc√™s descartaram n√©. Deixa a gente v√™ tudo vai üíúüò¢ n√£o sei‚Ä¶ https://t.co/w8voDbSmMl;margoperline;netflix;netflix;Twitter for Android;-602934;-1;-1
7040;1,44995E+18;Essa netflix j√° enjoo, nada tudo diferente repetir aaaaf;LuucassHs;netflix;netflix;Twitter for Android;-973721;-1;-1
6524;1,45043E+18;Putaria da Netflix n√£o soltar tudo de uma vez logo. √ìdio.;RafaellaNoles;netflix;netflix;Twitter para iPhone;-983085;-1;-1
2185;1,45136E+18;s√≥ queria ter globoplay dnv p assistir verdades secretas üò≠üò≠üò≠;ttdevellyn;globoplay;globoplay;Twitter for Android;-9,56389E+15;-1;-1
1147;1,45046E+18;"@MulherTamarindo Vai de Princesas Disney ou Star Wars no McLanche Feliz?

‚ÅΩ·µâ·µò ·µñ·µâ·µç·µÉ ≥·∂¶·µÉ À¢·µó·µÉ ≥  ∑·µÉ ≥À¢‚Åæ";erikgranato;disney+;disney+;Twitter Web App;895077;0;1
1654;1,44945E+18;Minha vida n√£o √© Disney n√£o ou FDP üßê;BrasiliaFl;disney+;disney+;Twitter para Android;-925364;-1;-1
1022;1,45064E+18;O Mc Disney ficou bem quietinho com a puni√ß√£o n√©? #AFazenda #Ro√ßaAFazenda https://t.co/0N99jaEWTW;descomplicadah;disney+;disney+;Twitter para iPhone;-688583;-1;-1
6002;1,4507E+18;Juliana Paes e Leandro Hassum estrelam Amor Sem Medida, novo filme da Netflix https://t.co/LTG561MXqi https://t.co/7E1nt4tiyP;saladadecinema;netflix;netflix;TweetDeck;8 ,25445E+15;0;1
3219;1,45243E+18;@globoplay t√° complicado em, n√£o funciona por nada;MatheusMarini;globoplay;globoplay;Twitter for iPhone;-878223;-1;-1
320;1,45205E+18;Gostou no YouTube: Di√°rio de um Banana | Trailer Oficial Dublado | Disney+ https://t.co/EHgL5wy9NQ https://t.co/oMxGEIHXYQ;fps5000;disney+;disney+;WordPress.com;740445;0;1
3035;1,45094E+18;"@victormarcc @globoplay Nossa senhora, consegue n√£o kkkkk
√â muita informa√ß√£o que tu vai perder";bcardosomartins;globoplay;globoplay;Twitter for iPhone;-7,02564E+15;-1;-1
792;1,45095E+18;@mariacahrey e as q ouvi n√£o s√£o ru√≠nas mas parece um √°lbum teen de algu√©m q ainda est√° na Disney;shinesza;disney+;disney+;Twitter for iPhone;-841158;-1;-1
892;1,4508E+18;Esse eu n√£o vou perder !!! https://t.co/296Ukd5vOn;4onerd;disney+;disney+;WordPress.com;-784506;1;-1
5115;1,45129E+18;üí£ Pol√™mica na Netflix: Funcion√°rios protestam contra produ√ß√£o transf√≥bica e comediante debocha de manifestantes.‚Ä¶ https://t.co/FKckW7Aq9t;MetroJornal;netflix;netflix;TweetDeck;-796804;-1;- 1
1822;1,45242E+18;@RainhaDosGato @DonaErvilha Mas gente eu assisto v√°rias coisas na globoplay de boa;mlaudeauser;globoplay;globoplay;Twitter for iPhone;788959;1;1
3127;1,45086E+18;"Ahhhh Marasli vai para o globoplay ‚ô•Ô∏è‚ô•Ô∏è‚ô•Ô∏è
Am√©m am√©m am√©m
Vou finalizar finalmente https://t.co/a8upYnK7ZP";Lalafd87;globoplay;globoplay;Twitter for Android;992993;1;1
4617;1,45174E+18;@PatySoelo Boa Noite Amiga Paty vou seguir tua recomenda√ß√£o, tem na Netflix √© realmente boa fique bem üôèüèªüôèüèªüôèüèª excelente Fim-de-semana;alexans118;netflix;netflix;Twitter Web App; 994291;1;1
5051;1,45133E+18;"n√£o √© poss√≠vel que eu vou ter que dar unfollow nessa desgra√ßada da Netflix s
pra parar de receber spoiler";csolastan;netflix;netflix;Twitter for Android;-954139;-1;-1
4416;1,45206E+18;Essa rebelde da Netflix tik tok n√£o vai me descer n√£o;naoseificarso;netflix;netflix;Twitter for iPhone;-8,81995E+15;-1;-1
3190;1,45078E+18;eu vou ter que assinar o globoplay, √© isso mesmo?;thonkiz_art;globoplay;globoplay;Twitter Web App;-526877;-1;-1
4038;1,44956E+18;@mestreryu @DCComics @hbomax @hbomaxbr_portal @DCBatman Tamo junto meu amigo;Cristia60426068;hbomax;hbomax;Twitter para Android;9,49988E+15;1;1
3195;1,45078E+18;@jlmarques_ @globoplay Menino, t√¥ doidinho pra ver rs;uppaulob;globoplay;globoplay;Twitter para Android;9256;1;1
3725;1,44956E+18;Parei pra ver aquele Maligno, no HBO Max. Tanto tempo esperando. √â pra aprender que toda esperada √© uma p‚Ä¶ https://t.co/Q6GjR6aDMb;AlexWeigertt;hbo max;hbomax;Twitter for Android;-6,79151E+15;-1;-1
1150;1,45045E+18;"Artista atualiza princesas da Disney como mulheres modernas e o resultado √© surpreendente!

https://t.co/lXyRgMFZ5J";garotasgeeks;disney+;disney+;TweetDeck;929947;1;1
6771;1,45019E+18;Uma confeitaria em Pequim, na China, se inspirou na produ√ß√£o coreana ‚ÄúRound 6‚Äù para lan√ßar um desafio. Por 58 yuans‚Ä¶ https://t.co/MN5I6xgcAu;sitevirgula;netflix;netflix;mLabs - Gest√£o de Redes Sociais;557859;0;1
5415;1,45103E+18;"Cowboy Bebop j√° est√° dispon√≠vel na Netflix!

#CowboyBebop https://t.co/ejcTk1KxIG";_cultura_geek;netflix;netflix;Twitter para Android;9,25837E+15;0;1
5682;1,45091E+18;Hoje s√≥ vou trabalhar at√© √°s 17h, estou morrendo de dor de cabe√ßa (nem estudar hoje eu vou). S√≥ preciso da minha ca‚Ä¶ https://t.co/WCn5sKLsqV;Jooycinhaa_28;netflix;netflix;Twitter Web App;-9,63961E+15;-1;-1
384;1,45169E+18;"n√£o quero mesmo eu hein imagina algu√©m dependendo de mim pro resto da vida????? obrigado mas n√£o obrigado

amo crian√ßas‚Ä¶ https://t.co/M0nkIb1mix";laylavictoriart;disney+;disney+;Twitter para iPhone;9,54812E+15;-1;1
1160;1,45043E+18;Acabei de ver aquele buscar da outra rede, uma pessoa na Euro Disney fazendo dancinha pra v√≠deo de TikTok. Ta√≠ uma‚Ä¶ https://t.co/HQVK5mo6jU;mayzapmelo;disney+;disney+;Twitter para iPhone;601667;0;1
3233;1,45245E+18;@warleyralmeida @TomBombadil1954 @WeiseFranklin @willszr @EduardoLeite_ Aqui ele sinalizando devo√ß√£o √† tribo numa r‚Ä¶ https://t.co/c0mcejHNY2;gandralf;globoplay;globoplay;Twitter Web App;7,38806E +15;0;1
3681;1,44984E+18;"eu nao acredito que colocaram sem vergonha na hbo max eu quero chorarrrrr
bem quando eu terminei de ver tudo pelo telegram";marcelinomimi;hbo max;hbomax;Twitter for iPhone;-866332;-1;-1
147;1,45235E+18;"@sensationcomic Quem n√£o d√° liberdade e a Disney
As vezes eu acho que foi um erro a compra da Marvel pela Disney";SabrinaRafa3;disney+;disney+;Twitter for Android;-8,75523E+15;-1;-1
6955;1,45009E+18;"""Round 6"" j√° √© a s√©rie mais assistida de todos os tempos na Netflix. Ent√£o, as fantasias inspiradas nesse fen√¥meno‚Ä¶ https://t.co/j4Ocbp22Xb";FashionBubbles;netflix ;netflix;Twitter Web App;8,25014E+15;1;1
7278;1,44984E+18;Uma s√©rie incr√≠vel pra voc√™ assistir na Netflix - Melhores s√©ries da net... https://t.co/lYfVCJk1rv via @YouTube;J_u_u_h;netflix;netflix;Twitter Web App;980617;1 ;1
347;1,45191E+18;quando eu fizer 32 anos eu vou para a disney, vou vestir a fantasia do pateta e fazer a alegria de v√°rias crian√ßas;hankevanss;disney+;disney+;Twitter for Android;951722;1;1
3106;1,45088E+18;O relator provocou nove crimes que haviam sido cometidos por Bolsonaro na condu√ß√£o da pandemia. No documento, Renan‚Ä¶ https://t.co/edQjOj9Ucj;jornalhoje;globoplay;globoplay;TweetDeck;-744169;-1;-1
3552;1,45055E+18;"Narrador: vai perder esse jogo do PSG exclusivo na HBO Max ??

Eu assistindo no mul**can*is: üò≥";enzo___teodoro;hbo max;hbomax;Twitter Web App;-7,98748E+15;-1;-1
2783;1,45099E+18;@carlosunger Globoplay nao funfa aqui;Joel_Antunes;globoplay;globoplay;Twitter para iPhone;-750329;-1;-1
2834;1,45098E+18;@globoplay menos de dez minutos de cenas e eu j√° t√¥ passando mal aqui! #VerdadeSecretasII;EsposoDaManu;globoplay;globoplay;Twitter para iPhone;-829644;-1;-1
5392;1,45106E+18;"| Cr√≠tica | ùó¢ ‚Äã‚Äãùóõùóºùó∫ùó≤ùó∫ ùóóùóÆùòÄ ùóñùóÆùòÄùòÅùóÆùóªùóµùóÆùòÄ (Mikkel Serup, 2021)

‚úÖ ùó¶ùó∂ùó¥ùóÆ ùóªùóºùòÄùòÄùóÆùòÄ ùóøùó≤ùó±ùó≤ùòÄ ùòÄùóºùó∞ùó∂ùóÆùó∂ùòÄ. Nosso projeto est√° s√≥ no in√≠c‚Ä¶ https://t.co/dRLsDkdD7v";dossie_etc;netflix;netflix;Twitter Web App;526092;0;1
141;1,45236E+18;"abracadabra e hallowentown melhores filmes de halloween da Disney
junto da maior o estranho mundo de Jack";L_Diego5;disney+;disney+;Twitter for iPhone;910157;1;1
7156;1,4499E+18;@gakim0 vc parece muito com a menina de uma s√©rie da netflix, chamada extracurricular;marllonfelipe;netflix;netflix;Twitter Web App;652334;0;1
3056;1,45092E+18;Eis que vc est√° no meio do expediente e te relembram que a serie que vc mais quer assistir em 2021 estrear√° HOJE!‚Ä¶ https://t.co/lRNizues07;caduko;globoplay;globoplay;Twitter para iPhone;8,43704E+15;1;1
2232;1,45137E+18;Cad√™ as amizades com a conta globoplay??;igor_mirandaa;globoplay;globoplay;Twitter para iPhone;-692876;-1;-1
6053;1,45066E+18;@pedroivoalmeida @Casimiro acho que por sr conte√∫do da Netflix n√£o pode, uma pena!;obieldiniz;netflix;netflix;Twitter Web App;-892932;-1;-1
2187;1,45136E+18;@globoplay assinei o Globoplay pela AppStore, mas ao acessar com a minha conta o site ele n√£o me reconhece como burro‚Ä¶ https://t.co/6SHcS7AWeP;brunoagsk;globoplay;globoplay;Twitter for iPhone;-686516;-1;-1
6487;1,45045E+18;A SESS√ÉO PERDIDA! Novo cartaz oficial da s√©rie em live-action de #CowboyBebop para a Netflix üí• https://t.co/DdS06VSZGY;nerd_site;netflix;netflix;Twitter for Android;677708;0;1
4543;1,45191E+18;Confira os Melhores Filmes de Aventura para maratonar na Netflix https://t.co/pobWk1V8A8;tsvenceslau;netflix;netflix;Twitter for Android;726639;1;1
7708;1,44946E+18;@HorrorMoviesBR Eu com √≥dio pa nova de slasher n√£o vai ser exibida pela Netflix https://t.co/jJY0rcOAhn;galdinaxx;netflix;netflix;Twitter for Android;-763559;-1;- 1
4642;1,45172E+18;O Cowboy Bebop entrou na Netflix Brasil, recomendo demais!!!! (Eles inclu√≠ram a dublagem brasileira!!!!) https://t.co/7YY6XYGPF2;LuckySalamander;netflix;netflix;Twitter Web App;9,94456E+15;1;1
7514;1,44958E+18;Aceitei o fato de que n√£o vou beijar ningu√©m em 2021. Essa semana passei a sexta e o s√°bado a noite em casa assist‚Ä¶ https://t.co/bZfjzsRbmR;psorlucas;netflix;netflix;Twitter para iPhone;-68725;-1;-1
5286;1,45118E+18;@Luiza666 ... e que eu s√≥ gostava pq era reacinha e n√£o sabia. Ver o especial da Netflix dele foi uma agrad√°vel sur‚Ä¶ https://t.co/NiwYRxJMQR;commiespecter;netflix;netflix;Twitter Web App;729816;1;1
5847;1,45085E+18;@_hadassinha Assiste beleza oculta, tem no Netflix;R_drig9;netflix;netflix;Twitter for Android;815733;1;1
8008;1,45009E+18;@helisonsm @PrimeVideoBR @paramountplusbr Que pena!! Primevideo vai ficar com pouca coisa, mas se bem q √© um bonu‚Ä¶ https://t.co/pDlXEQTJzQ;jeffvillalbabr;primevideo;primevideo;Twitter for Android;-5,8642E+15;-1;-1
4115;1,45242E+18;@MB3RT0 @deathgasmer @matheusjoyboy E de qualquer forma, n√£o tem nem liga√ß√£o falar que algo vai dar errado s√≥ pq fi‚Ä¶ https://t.co/zpyqYFoJAI;Nathybasket;netflix;netflix;Twitter Aplicativo da Web;-7,53389E+15;-1;-1
2189;1,45136E+18;@ocallaghanrod @globoplay Se n√£o quiser usar doa, com certeza alguma institui√ß√£o vai fazer bom uso üôÇ;xonas;globoplay;globoplay;Twitter for Android;841298;1;1
7576;1,44955E+18;"Porra nenhuma pra fazer
Nada que preste na Netflix
Noite chuvosa , lugar nenhum pra ir
Porra que t√©dio
Nem sono pr‚Ä¶ https://t.co/lMIoMj0T5T";CanhotoNao;netflix;netflix;Twitter for Android;-9,88271E+15;-1;-1
3230;1,45245E+18;@lucas_rabbelo N√£o √© a mesma. Justamente por isso est√° em uma pasta separada.;news_globoplay;globoplay;globoplay;Twitter for Android;-710875;0;-1
6445;1,45046E+18;Nem acredito que saiu do Carandiru na Netflix üíñü•∞;gfnascimento19;netflix;netflix;Twitter for Android;-853299;1;-1
6754;1,4502E+18;Pq realmente Netflix postar algo assim vai fazer as pessoas que s√£o f√£s do reelde mexicano quererem assistir... n√£o‚Ä¶ https://t.co/TPBc9k1RoL;Yaya__SG;netflix;netflix;Twitter for Android ;-9,21936E+15;-1;-1
569;1,45136E+18;nunca fui triste serio obg disney!!!!!!!!!!!!!!! https://t.co/gJnFCBDhx2;Rayanedonadio1;disney+;disney+;Twitter Web App;-756264;-1;-1
7596;1,44953E+18;um sabadinho chuvoso desse com netflix, t√° sendo um s√°bado muito gostosin;alvelinooo;netflix;netflix;Twitter for iPhone;8,71436E+15;1;1
3715;1,44963E+18;@boundtoherrera Mas cagaram pra Tenet porque me lan√ßaram no meio da pandemia quando deu uma quedinha nas mortes. N√£o‚Ä¶ https://t.co/rJ9a4OQ3y6;EuInacioNetto;hbo max;hbomax;Twitter para Android;-971817;-1;-1
4163;1,45235E+18;uma das produ√ß√µes originais da Netflix que n√£o me posso recomendar √© 'Filmes que Marcam √âpoca'. √â um prato cheio‚Ä¶ https://t.co/IZ2veak49j;anicolau88;netflix;netflix;TweetDeck;787957;1;1
3457;1,4509E+18;Eu tenho a sensa√ß√£o de que todo jogo que vou assistir na merda da HBO Max, √© o fraqu√≠ssimo Jorge Iggor que narra.;odiogodefreitas;hbo max;hbomax;Twitter for iPhone;-7,59481E+15 ;-1;-1
1329;1,45017E+18;@ComboInfinito Engra√ßado que hoje me chegou uma pesquisa de satisfa√ß√£o do disney+ e eu reclamei que atualizo um pouco. Rsrs.;RickKtips;disney+;disney+;Twitter para Android;9,63961E+15;-1;1
7821;1,44937E+18;como assim eu vou ter que esperar pra ver o resto do casamento as cegas, tava envolvida j√° netflix por favor tem crian√ßa chorando aqui;browniedecu;netflix;netflix;Twitter Web App;-8,36687E+ 15;-1;-1
288;1,45197E+18;@CliCarvalho Disney+ todos os cl√°ssicos. t√¥ maratonando inclusive;broccolith;disney+;disney+;Twitter para Android;877922;1;1
2993;1,45096E+18;Opera√ß√£o Pac√≠fico na Globoplay, quem mais assiste em espanhol? Estou terminando e j√° triste por n√£o ter mais epis√≥dios.;rsantanielli;globoplay;globoplay;Twitter for Android;-882826;-1;-1
4947;1,45138E+18;"Oq as outras meninas querem na tpm: mimos, amor, carinho e ver Netflix
Eu: comida e poder dar ü§èüèª‚ú®üòç";Juhxb_;netflix;netflix;Twitter for Android;9,68285E+15;-1;1
6957;1,45009E+18;n√£o gostei do final da 3¬∞ temp de You, dona Netflix matou a mulh√© e eu gostei dela;gllanzy;netflix;netflix;Twitter for Android;-955303;-1;-1
6633;1,45026E+18;"descobri que a Netflix da minha ex ainda t√° no meu celular üòçüòç
seria errado eu usar? KKKKKK";souza_psnrs;netflix;netflix;Twitter para Android;6,3014E+15;1;1
6435;1,45047E+18;quem diria q eu estaria aqui, ansioso pro cowboy bebop do netflix;PavloQveiroz;netflix;netflix;Twitter Web App;788794;1;1
4712;1,45167E+18;queria ver um filme mas lembrei que n√£o tenho mais Netflix ü§°;iluzialima;netflix;netflix;Twitter for iPhone;-904114;-1;-1
6569;1,45031E+18;Algu√©m a√≠ j√° viu aquele Sweet Home da Netflix? Eh daora?;Sicolinossd;netflix;netflix;Twitter para iPhone;718441;0;1
7340;1,4498E+18;"Voc√™ pediu e a Netflix liberou!

Uma playlist da 2¬™ temporada de Locke & Key j√° est√° dispon√≠vel no @SpotifyBrasil üé∂‚Ä¶ https://t.co/zBDfc1GKG5";brlockeandkey;netflix;netflix;Twitter for Android;6,56804E+15;1;1
3559;1,45054E+18;Vai rolar a bola agora para PSG x RB Leipzig. Transmiss√£o ao vivo do SBT e da TNT. O Space mostra Atl√©tico de Madri‚Ä¶ https://t.co/wFXni31qYS;allansimon91;hbo max;hbomax;Twitter Web App;526384;1;1
7045;1,44995E+18;@mamorettoo realmente ta tendo muito impacto mas quanto a inovar discordo... pra mim √© mais um gen√©rico da netflix‚Ä¶ https://t.co/M0meD79jTI;leonardinhar;netflix;netflix;Twitter for iPhone;740876;-1;1
6778;1,45019E+18;@fallintokdrama kkkkkk sim exatamente, eu tinha assistindo somente um dorama na vida que foi ( alice in borderland)‚Ä¶ https://t.co/SkoyyPozkW;tvdxuniverso;netflix;netflix;Twitter for Android; 693591;-1;1
6257;1,45057E+18;da√≠ o problema, que as pessoas inteligentes j√° apontavam h√° muito tempo, da Netflix ser a √∫nica fonte oficial de au‚Ä¶ https://t.co/wyTcLdbT51;caiocoletti;netflix;netflix;Twitter Web Aplicativo;-817046;-1;-1
7642;1,4495E+18;E vamos de torcer pelo casal mais brabo da Netflix ü•∞ https://t.co/27l4BZDWVC;LeticiasAnatomy;netflix;netflix;Twitter for iPhone;79945;1;1
916;1,45067E+18;@chicobarney Mc Disney n√£o chega muito longe , ele quer ser a voz da raz√£o...man√©.;Jonathandefar;disney+;disney+;Twitter for Android;-953023;-1;-1
6637;1,45026E+18;@cm1lle Ai amg todo mundo fala issoo que tristeza, nem pra Netflix renovar a s√©rie pra eu ver o final da hist√≥ria üòî;sheisali_;netflix;netflix;Twitter for Android;-9,69048E+15 ;-1;-1
7095;1,44992E+18;@a_alinediniz @rvandromel Doces M√°gnolias na Netflix √© EXATAMENTE a mesma vibe! üíñ;patricia_gomes;netflix;netflix;Twitter para iPhone;9,42546E+15;1;1
3551;1,45055E+18;Ah... QUE SHOW √â O SINAL DA HBO MAX!!! Meu SONHO DE CONSUMO √© o sinal da HBO com o cat√°logo do Star+;vandokajuru;hbo max;hbomax;Twitter for Android;5,70586E+15;1;1
4586;1,45178E+18;02:02 e eu t√¥ de cabe√ßa no casamento √†s cegas mkkkkkk obg Netflix por essa enxurrada de vergonha alheia;thaisddr_;netflix;netflix;Twitter for iPhone;-840541;-1;-1
4393;1,45207E+18;"@EmillenyLazaro Good Witch! minha s√©rie conforto ü•∞ a mais levinha √°gua com a√ß√∫car que h√°!

Crazy Ex-Girlfriend (tud‚Ä¶ https://t.co/BHpCBkUyaT";anitadash;netflix;netflix;Twitter para iPhone;5,84351E+15;1;1
5644;1,45092E+18;"como q tem uma s√©rie na Netflix chamada ""vida ap√≥s a morte"" e eu nunca assisto ??????";ClarsSinclair;netflix;netflix;Twitter for Android;-661924; 1;-1
4931;1,45139E+18;"Esperando pra ver quanto tempo a Amazon e Netflix vai demorar pra colocar o filme ""Uma linda mulher"" no cat√°logo";AnaBeatriz_0711;netflix;netflix;Twitter for Android;892684;-1; 1
5493;1,451E+18;fora isso acho sem necessidade, pelo menos sei q essa vers√£o netflix ser√° melhor que a br kkkkkk;itsbaldini;netflix;netflix;Twitter for iPhone;-6,73264E+15;-1;-1
3245;1,4526E+18;@marcosmichalak @zito2020 @PatriciaKogut @globoplay Ser√≠ssimo !! Algum bug est√° dando;MazzaViviane;globoplay;globoplay;Twitter para iPhone;-754275;-1;-1
1158;1,45044E+18;@g_garc2 APOIO kkkk me fa√ßa rir esse ai ta na disney!;Leandrolimaaofc;disney+;disney+;Twitter para Android;6,58218E+15;-1;1
6283;1,45056E+18;@NetflixBrasil Cad√™ namorado de natal? E n√£o teremos mais sequ√™ncia do Pr√≠ncipe de Natal? Gosto tanto senhora Netflix üå≤üå≤‚ù§Ô∏è;celinhaaa;netflix;netflix;Twitter for Android;714603;-1;1
6631;1,45026E+18;Como voc√™ consegue ser t√£o ruim mas mesmo assim intrigante? E eu gosto do sarcasmo da s√©rie. Aff te odeio netflix;majups_;netflix;netflix;Twitter para Android;-978563;-1;-1
2861;1,45098E+18;"@forumeplay @globoplay Lixo de app, eplay
Tem que jogar fora e fazer de novo";rickvittorino;globoplay;globoplay;Twitter for iPhone;-891156;-1;-1
1474;1,44991E+18;@GustavinPlus @Daniel_gutiere Nunca vi! Conto de fada da Disney, passo haha ‚Äã‚Äãüòë;cinestera;disney+;disney+;Twitter for iPhone;899835;-1;1
8012;1,44957E+18;Assisti Agora Estamos Sozinhos na #PrimeVideo mas que filme chato e mon√≥tono, muito ruim;crovislimone2;primevideo;primevideo;Twitter for iPhone;-9,84106E+15;-1;-1
3284;1,4524E+18;Como o aplicativo da HBO Max √© ruim. Minha nossa!;r0cc0;hbo max;hbomax;Twitter para Android;-911342;-1;-1
2862;1,45098E+18;O @globoplay de Algu√©m t√° funcionando? #VerdadeSecretas2;RealityTvBr;globoplay;globoplay;Twitter para Android;-700993;-1;-1
1449;1,44996E+18;@Dantinhas Me tornei quem eu mais temiaaa.. pq nessaaa tretaa to do ladoo do mc Disney e nao abro! Solange chataaa.. vitimista.. imatura!;IFLdesconhecida;disney+;disney+;Twitter para iPhone;-977784;-1;-1